,tweet,id
0,"Los comensales de hoy en dÃ­a buscan ambiente y estilo, al mismo tiempo que productos y servicios d calidad.Â¿Quieres sabes como marcar la diferencia con este sevicio?
https://t.co/qZQc5KfpJi
#Hostelpro #hosteleria #hotel #hotelero #restaruaciÃ³n #restaurante #hospitality #hoteleria https://t.co/e93D9O7Ek2",854630749819072512
1,"Â¡Crea momentos de calidad en familia en nuestro Hotel Familiar El Jou Nature! ğŸŒ³ğŸ‘¨â€ğŸ‘©â€ğŸ‘§ ğŸ’šğŸ¨ #VacacionesEnFamilia #ElJouNature

Crea moments de qualitat en famÃ­lia al nostre Hotel Familiar El Jou Nature! ğŸŒ³ğŸ‘¨â€ğŸ‘©â€ğŸ‘§ ğŸ’šğŸ¨ #VacancesEnFamÃ­lia #ElJouNature https://t.co/T4GjN4hHKQ",1182207277195026432
2,"RT @GautierMignot2: Que maravilla Valle de Guadalupe, BC, sus paisajes y sus viÃ±edos de excelente calidad. Una menciÃ³n especial para @elcieâ€¦",65069031
3,"@martinezilan8 @TOMAS23214 en la entrevista dijo q jugar en la mls le va a ayudar a darle mas atencion y tiempo de calidad con la familia, flaco vivieron en un hotel 2 aÃ±os",886290573312786433
4,"En un mundo en constante cambio, la creatividad y la innovaciÃ³n son imprescindibles. Descubre las Ãºltimas tendencias en #Expoindustria2023 ğŸ¦¾ğŸ¤¯

ğŸ“… 13 y 14 de junio
ğŸ“ Hotel Hilton Colon Guayaquil
Organiza: @industriasgye
@expoindustriaec https://t.co/hf4He7Hf3k",35869103
5,"Protagonista del mercado de esencias aromÃ¡ticas enel paÃ­s, Aroquim estarÃ¡ presente en Expo Clean
#infoclean #Expoclean #GuiaClean #limpieza #Higiene #lavanderia #tintoreria #espaciosverdes #salud #hotel #restaurante #restaurantesargentinos

https://t.co/O0iK5OElsl https://t.co/W0SXANzLif",829624482
6,"Protagonista del mercado de esencias aromÃ¡ticas enel paÃ­s, Aroquim estarÃ¡ presente en Expo Clean
#infoclean #Expoclean #GuiaClean #limpieza #Higiene #lavanderia #tintoreria #espaciosverdes #salud #hotel #restaurante #restaurantesargentinos

https://t.co/O0iK5OElsl https://t.co/FDyEPpWRuw",829624482
7,"RT @tainodominican: La calidad de un hotel es directamente proporcional a los empleados que contrate, si contratan haitianos, asi de malo eâ€¦",31488695
8,"RT @tainodominican: La calidad de un hotel es directamente proporcional a los empleados que contrate, si contratan haitianos, asi de malo eâ€¦",1485993697514860544
9,"NICE TO BEEF YOU cierra su primera anualidad con Ã©xito en la feria Seoul Food and Hotel, donde #PROVACUNO y #ASSOCARNI mostraron la calidad del vacuno europeo. En @OperaGlobal apoyamos la campaÃ±a: https://t.co/3MWNnZGpOe",2447010223
10,"CÃ³mo para no extraÃ±ar tanto al paisito, en el norte de Mallorca el agua sale salada. AdemÃ¡s, a dos cuadras del hotel hay un restaurante que se llama ""Montevideo"" atendido por uruguayos, estÃ¡ catalogado como el mejor en cuanto a precio/calidad/abundancia. Copando las canchas.",626754902
11,"RT @Sectur_Guerrero: #CompetitividadTurÃ­stica 

Personal de la DirecciÃ³n General de FormaciÃ³n y Cultura TurÃ­stica realizÃ³ una visita de proâ€¦",1510627514368114690
12,"Â¡Textiles de calidad para hoteles con envÃ­o inmediato en Royal Europe Textile! Renueva tu hotel con sÃ¡banas, toallas y mÃ¡s. AdemÃ¡s, Â¡ofrecemos opciones de financiamiento a medida! Eleva la experiencia de tus huÃ©spedes con textiles de lujo. #TextilesParaHoteles #EnvÃ­oInmediato https://t.co/Jt9BMlGWxF",1386627669526208512
13,"Lujo, confort y calidad entre viÃ±edos en el corazÃ³n de la Ribera del Duero. En Hotel Arzuaga cuidamos cada detalle para que tu experiencia sea Ãºnica. 

Ven y #DescubreArzuaga https://t.co/xvrNvnsFgz",1204455306
14,"RT @AbyaYalaBolivia: #AbyaYalaTv 
32 personas prestarÃ¡n declaraciones en calidad de testigos dentro del caso #GolpedeEstado1
Fueron identifâ€¦",898767202664534016
15,"RT @AbyaYalaBolivia: #AbyaYalaTv 
32 personas prestarÃ¡n declaraciones en calidad de testigos dentro del caso #GolpedeEstado1
Fueron identifâ€¦",77159891
16,"Â¡Muchas felicidades a nuestro socio #Cobifer, el hotel Hampton Inn by Hilton Reynosa Zona Industrial por su 15Âº aniversario! ğŸ‰â£ 

Agradecemos su compromiso con brindar un servicio de calidad y deseamos que el futuro sea aÃºn mÃ¡s exitoso. ğŸ’¯ğŸ¨â£

#Reynosa #Tamaulipasâ£â£â£ https://t.co/eLhmMJp5S3",1281599771929710593
17,"RT @AbyaYalaBolivia: #AbyaYalaTv 
32 personas prestarÃ¡n declaraciones en calidad de testigos dentro del caso #GolpedeEstado1
Fueron identifâ€¦",1227853931990208512
18,"RT @AbyaYalaBolivia: #AbyaYalaTv 
32 personas prestarÃ¡n declaraciones en calidad de testigos dentro del caso #GolpedeEstado1
Fueron identifâ€¦",1381611030325948416
19,"RT @AbyaYalaBolivia: #AbyaYalaTv 
32 personas prestarÃ¡n declaraciones en calidad de testigos dentro del caso #GolpedeEstado1
Fueron identifâ€¦",1239659116622200837
20,"#AbyaYalaTv 
32 personas prestarÃ¡n declaraciones en calidad de testigos dentro del caso #GolpedeEstado1
Fueron identificadas a travÃ©s del registro del Hotel Casa Grande, informÃ³ el abogado Jorge Nina. https://t.co/fMSocdtzmQ",1221833891570487298
21,"RT @tainodominican: La calidad de un hotel es directamente proporcional a los empleados que contrate, si contratan haitianos, asi de malo eâ€¦",855589956374454272
22,"RT @tainodominican: La calidad de un hotel es directamente proporcional a los empleados que contrate, si contratan haitianos, asi de malo eâ€¦",1313991301847752709
23,"@OpinionX4 Para que unos cuantoa turistas que ya tenÃ­an la opciÃ³n de hotel se lo pasen bien un finde, jodes a la gente de la propia ciudad que va a perder calidad de vida",720995933903826944
24,"La calidad de un hotel es directamente proporcional a los empleados que contrate, si contratan haitianos, asi de malo es el servicio... Republica Dominicana va al abismo.",2803444156
25,"En el chalten la noche cuesta 150 dÃ³lares
En ParÃ­s la noche cuesta 90 dÃ³lares
En Miami la noche cuesta 35 dÃ³lares.
Igual calidad de hotel.

Jajajajajajajajajajaja
Somos los mejores del mundo.

CuÃ¡ntas guerras faltaron en el paÃ­s.",185336146
26,"ğŸŒ El hotel Alfonso XIII acoge una cuarta ediciÃ³n de 'Emotions Sevilla 2023', donde se reÃºnen unos 370 agentes especializados en productos de alta gama de 40 mercados internacionales.

â¡ï¸ El objetivo es incrementar la calidad del destino y crecer en mercados con mayor gasto. https://t.co/VyTn1sJZRi",1546807154870566914
27,@abc_es @JJMadueno Un medio de comunicaciÃ³n que quiere informar bien se entera antes de difundir las noticias porque en Alfarnate hotel no hay y las causas del suceso no fueron simplemente las de decirles que no fumaran. El periodismo de calidad ya pa maÃ±ana,1657840770261434370
28,"Para tus vacaciones de verano, busca un hotel que te ofrezca un alojamiento de calidad.

https://t.co/JlUE4T2R64

#barcelona #turismo #hotelbarcelona #sagradafamilia #hotelescenter #ciudadcondal https://t.co/TXvtaLjpWM",2432076036
29,"RT @CesarAzmitia: De hecho, pagÃ¡s por la experiencia en un show de Las Vegas, un hotel en Dubai o un juego virtual en gafas AR. Pero para câ€¦",1080673103733231618
30,"Comodidad, calidez, calidad, disfrute de verdadâ€¦ Lo que busques de un buen Hotel en nuestro Hotel lo hallarÃ¡s sin dudar.

Reserva directamente en â¡ï¸

 https://t.co/nwdIwvpKds https://t.co/xUCDrzKI5h",2658511038
31,"Comodidad, calidez, calidad, disfrute de verdadâ€¦ Lo que busques de un buen Hotel en nuestro Hotel lo hallarÃ¡s sin dudar.

Reserva directamente en â¡ï¸

 https://t.co/NemtHRd4vz https://t.co/2PATMkYmKj",1321211612
32,"De hecho, pagÃ¡s por la experiencia en un show de Las Vegas, un hotel en Dubai o un juego virtual en gafas AR. Pero para comerâ€¦lo recomendable es pagar la calidad de la comida ğŸ˜‚ https://t.co/oi6SboKkAe",77517242
33,"@maca_macabell @femigangsta El hostel Rancho Grande tiene buen precio y comida riquÃ­sima, muy accesible, al lado tmb el Hotel Poincenot buena rel calidad precio. La ubicaciÃ³n es ideal, justo donde empiezan todos los senderos q son gratis. Fundamental zapas de trekking, guantes, botellita y ganas de caminar",143052733
34,"Â¡Aprende de los mejores en #Expoindustria2023! Ãšnete a nosotros el 13 y 14 de junio para escuchar a nuestros speakers expertos en inteligencia artificial y el futuro del trabajoğŸ¦¾ğŸ‘·

Â¡Entrada gratis!ğŸ’¯
ğŸ“Hotel Hilton Colon 

Organiza: @Industriasgye
@expoindustriaec https://t.co/9qBWGK8mTB",35869103
35,"Las 340 habitaciones cuentan con comodidades como servicio a la habitaciÃ³n las 24 horas y ropa de cama de primera calidad, ademÃ¡s de ventajas como caja fuerte para computadora portÃ¡til y aire acondicionado.
https://t.co/GIlzjErlzB https://t.co/mnXEz4iIaA",1096463244246614017
36,"RT @dislexicano: No les comentÃ©, esta vez que fui de vacaciones a Huatulco, en el hotel nos regalaban dos cervezas Amstel Ultra por dÃ­a y mâ€¦",1613223183192100864
37,"No les comentÃ©, esta vez que fui de vacaciones a Huatulco, en el hotel nos regalaban dos cervezas Amstel Ultra por dÃ­a y me queda claro que los tenistas no tienen NPI de calidad de cervezas.
Tremenda porquerÃ­a...",763613798267662337
38,"Viaja con nosotros a MADRID Y MIAMI desde CARACAS âœˆï¸ğŸ˜. 
Los mejores preciosâœ…
Calidad de servicios âœ…
AtenciÃ³n en tiempo rÃ©cord âœ…. 
No busques mÃ¡s! Somos tu agencia de viajes favorita . 
ğŸ“nuestras oficinas: 
C. C La Vela - Isla De Margarita
Hotel Mara Inn - Pto Ordaz https://t.co/0TTQAVZHSx",708730801794502656
39,"RT @Crypto_canarias: @DavidWlnr @FrancoiseDrapi1 Ten presente que muchÃ­simos turista no salen del hotel.
El Ãºnico territorio que pisa es elâ€¦",1488493549
40,"RT @Sectur_Guerrero: #CompetitividadTurÃ­stica 

Personal de la DirecciÃ³n General de FormaciÃ³n y Cultura TurÃ­stica realizÃ³ una visita de proâ€¦",53625535
41,"RT @Sectur_Guerrero: #CompetitividadTurÃ­stica 

Personal de la DirecciÃ³n General de FormaciÃ³n y Cultura TurÃ­stica realizÃ³ una visita de proâ€¦",1498893547239530496
42,"#CompetitividadTurÃ­stica 

Personal de la DirecciÃ³n General de FormaciÃ³n y Cultura TurÃ­stica realizÃ³ una visita de promociÃ³n y difusiÃ³n de los distintivos de calidad a nivel nacional en el hotel @Albasuites 

Dale clickğŸ‘‡ğŸ¼

https://t.co/jiky3UVifY

@EvelynSalgadoP @Gob_Guerrero https://t.co/evJTCrsdEc",1022614028
43,"@DavidWlnr @FrancoiseDrapi1 Ten presente que muchÃ­simos turista no salen del hotel.
El Ãºnico territorio que pisa es el aeropuerto, la terraza del bar y la piscina.
Canarias compite en precio no en calidad.
De ahÃ­ la precariedad.",1502200538645123075
44,"Para vivir una experiencia inolvidable en el valle tarijeÃ±o, la mejor alternativa de hospedaje es Hotel La Pasarela, un sitio donde disfrutarÃ¡s de un servicio de alta calidad con la sensaciÃ³n de estar en tu propio hogar.

Tlf: +591 71890199

Sitio web: 
https://t.co/0WdPBNwdb9 https://t.co/EWOuPWXvc6",1661419400031764493
45,"Queremos presentaros uno de los asadores mÃ¡s emblemÃ¡ticos de San SebastiÃ¡n: el Asador Aldanondo, Â¡calidad mÃ¡xima!
https://t.co/qEvAydKGnZ",3062369104
46,"Con gran jÃºbilo, se hizo la Entrega de Reconocimientos de AntigÃ¼edad a las y los colaboradores quienes durante muchos aÃ±os se han dedicado a brindar Calidad y Calidez en el Hotel Marina El CID Puerto Morelos. ğŸ† https://t.co/9IowCst8ok",1445466768177176576
47,"@evelintorrealva Actualmente quizÃ¡s tengas opciones como mÃ¡rtir, una pelÃ­cula servÃ­a o hotel en Gore algo moderno por la calidad de imagen, pero si quieres ver sangre, animales sufriendo, locura y un falso documental si vale la pena",265518333
48,RT @Martez305: Este es el Hotel de unos de mis cheros. Calidad! Vale la pena hospedarse aqui! ğŸ‡¸ğŸ‡» â¦@mtzgblâ©  https://t.co/PZN9ThvWjf,1923103016
49,Este es el Hotel de unos de mis cheros. Calidad! Vale la pena hospedarse aqui! ğŸ‡¸ğŸ‡» â¦@mtzgblâ©  https://t.co/PZN9ThvWjf,1456662378070876164
50,"@SarroyoSi Acabo de comer con mi familia en el hotel Gran FA. Ã‰ramos dos pelones, mi familia y unas cuantas moscas. Todo muy rÃ¡pido y de buena calidad.",247340108
51,"@mxa10_ Eso la gente la revive mucho y Yaiza daba buen espectÃ¡culo, esos aÃ±os de rol fueron mÃ¡gicos, ahora es ver y me raya mucho la calidad de los avatar en el sv, parecen muÃ±ecos de plÃ¡stico, es como cuando vuelves A Habbo hotel o los sims 3, en ese entonces era increÃ­ble",922688918008446981
52,"Que decepciÃ³n el hotel sonesta Cartagena, no vale la pena pagar un peso acÃ¡ mi siquiera hospedÃ¡ndose en el ph, sin agua caliente, aires en mal estado, jacuzzi sin mantenimiento, el restaurante del lobby es terrible pÃ©sima atenciÃ³n, mala calidad, y eso que no estÃ¡ lleno.",115109265
53,"RT @ApureConoce: Amigo prestador de servicios turÃ­sticos, Inatur Apure invita al personal del Hotel Manantial Vip y a la Tour Operadora Traâ€¦",1618984639644798978
54,"Textiles de Hotel: Tips Elementales para la AdquisiciÃ³n La calidad de los textiles de hotel es sumamente importante, ya sea que vayas a usar el textil en un hotel o en tu vivienda personal, debes invertir lo necesario para tener textiles duraderos y https://t.co/U3NccB4KcH",248225131
55,"RT @Bassmatti: ""el hotel alcanza la excelencia en Donostia con su enfoque de alta calidad""
Also el hotel de Donostia: claro, hombre, deja lâ€¦",1079688126099062785
56,"Ambas marcas se unen para ofrecer una propuesta turÃ­stica y gastronÃ³mica de gran calidad muy comprometida con el territorio.

https://t.co/X3RMzC3Bia",705678280523907072
57,"RT @itzelbello: @TheLoloOsorio @PlayaBlancaR Ese hotel recibiÃ³ ingresos en pandemia, no deberÃ­a estar asÃ­, comida bÃ¡sica, tragos de mala caâ€¦",493649619
58,"ğŸ‘©â€ğŸ’¼ğŸŒÂ¡Tenemos nuevo curso: Calidad en el servicio en el modelo Disney! Ven a descubrir herramientas que te ayuden a impulsar tu negocio.

ğŸ“†08 de junio
â°9:30am a 1:30pm
ğŸ“Hotel Casa Inn, en #ElMarquÃ©s
ğŸ“No es necesario registrarse
ğŸ¤©Â¡GRATUITO!

Â¡#Contigo apoyamos tu talento! https://t.co/lzlvns8PNr",230873007
59,"""el hotel alcanza la excelencia en Donostia con su enfoque de alta calidad""
Also el hotel de Donostia: claro, hombre, deja las toallas a secar en la ventana. https://t.co/0wx58PIF4T",67588053
60,"@AndresGaviriaC @MafeCarrascal Y sigue llenÃ¡ndose la boca con lo de â€œgenerar empleoâ€. Pero como hay que contestarles en los mismos tÃ©rminos, pues si, tengo un pequeÃ±o hotel cuya principal misiÃ³n es generar empleo de calidad y con todas las garantÃ­as. Y eso no es para aplaudir, es que eso es lo mÃ­nimo.",1117917669712367616
61,RT @ConoceUbrique: Encuentro de Alfas Romeo en #Ubrique.  25 vehÃ­culos que pernoctan en el Hotel Sierra de Ubrique y almuerzan en La Abacerâ€¦,198973680
62,RT @ConoceUbrique: Encuentro de Alfas Romeo en #Ubrique.  25 vehÃ­culos que pernoctan en el Hotel Sierra de Ubrique y almuerzan en La Abacerâ€¦,1861929438
63,"Encuentro de Alfas Romeo en #Ubrique.  25 vehÃ­culos que pernoctan en el Hotel Sierra de Ubrique y almuerzan en La AbacerÃ­a, adheridos al sello de calidad turÃ­stica, SICTED. Han contado para su organizaciÃ³n con la DelegaciÃ³n de Turismo y PolicÃ­a del Ayuntamiento de Ubrique. https://t.co/ETDAmgWZgp",2976243813
64,"TambiÃ©n quiero significar las excelentes condiciones del hotel,Â  donde la relaciÃ³n calidad precio es muy buena y donde se perciben detalles muy interesantes en las habitaciones del hotel. Aviso a navegantes, dÃ­gase peregrinos en trÃ¡nsito.",1638666059463946246
65,"RT @spasteleros: Â¡Mar del Plata te espera!

Â¡VenÃ­ a conocer el Hotel Saint Honore! Cientos de afiliados y afiliadas lo eligen cada aÃ±o porâ€¦",844584998372098049
66,"RT @HotelLosAnades: SALUD Y BIENESTAR
Te recordamos que en nuestro hotel te ofrecemos un amplio abanico de servicios para mantener un nivelâ€¦",780880262
67,RT @emiliofolgar: PequeÃ±a cervecera espaÃ±ola en la Seoul Food &amp; Hotel Show @CervezaMica La calidad cruza fronteras ğŸ‘ğŸ‘ğŸ‘,1220945564
68,"RT @DiegoFonsecaDF: Cuando en los viajes regreso agotado al hotel, puedo decidir la prÃ³xima estadÃ­a por la calidad del room service.

(Lo qâ€¦",1264975966905999361
69,"@TheLoloOsorio @PlayaBlancaR Ese hotel recibiÃ³ ingresos en pandemia, no deberÃ­a estar asÃ­, comida bÃ¡sica, tragos de mala calidad, limpieza inexistente. Fui hace unos meses y no volverÃ©, hasta que en verdad mejoren y hace aÃ±os dejÃ© decir a guettoCameron. Ninguno de los 2 visitarÃ© x el momento.",321123831
70,"Cuando en los viajes regreso agotado al hotel, puedo decidir la prÃ³xima estadÃ­a por la calidad del room service.

(Lo que en realidad quiere decir la calidad de la hamburguesa y cuÃ¡n helada estÃ© la cerveza.)",37285477
71,"#Expoindustria2023 es el evento de innovaciÃ³n y disrupciÃ³n por excelencia, que busca marcar un impacto en el futuro de las industriasğŸ¤ğŸ’ª

ğŸ“…13 y 14 de junio 
ğŸ“ Hotel Hilton Colon Gye
ğŸ”—https://t.co/4MjbFlaOTC

@expoindustriaec
@industriasgye https://t.co/hXo1HvWfxa",35869103
72,PequeÃ±a cervecera espaÃ±ola en la Seoul Food &amp; Hotel Show @CervezaMica La calidad cruza fronteras ğŸ‘ğŸ‘ğŸ‘ https://t.co/VZpDDoggji,128070460
73,"RT @JoseDuarteG: Reconocimiento a la hoteleria colombiana, que demuestra su servicio y calidad con este Conrad Achievement Award al Hotel @â€¦",1496096907717980163
74,"â–¶ Hotel Cruz del Vado ofrece estadÃ­a lujosa y gastronÃ³mica de alta calidad 
Esta es tu casa 
https://t.co/b7OdTvdCar",72900795
75,"Â¡Mar del Plata te espera!

Â¡VenÃ­ a conocer el Hotel Saint Honore! Cientos de afiliados y afiliadas lo eligen cada aÃ±o por su excelente ubicaciÃ³n, sus cÃ³modas habitaciones y servicios de primera calidad. https://t.co/ZGTZPMVh6n",237877038
76,"@rubenuria Hola Ruben, 2 cosas;
1, ves posible q el BarÃ§a fiche o en calidad de cedido a Joao ?
Lo digo por Mendes, Laporta y bueno, q me encanta el jugador.
2, estabas el sÃ¡bado tarde en el Hotel Catalonia Plaza de Barcelona ?
Yo estaba tomando cafÃ© allÃ­ con mi mujer y me pareciÃ³ verteğŸ˜‰",360740194
77,"#BikeTerritory | El hotel Bike Territory @MarinadOr abre sus puertas a los aficionados a la bicicleta ğŸšµ

â¡ï¸ El Hotel Marina dâ€™Or 4* Playa llevarÃ¡ a cabo su reapertura con mÃºltiples servicios de calidad enfocados al ciclismo ğŸ¨

ğŸ‘‡ Toda la info ğŸ‘‡

https://t.co/mZSIO1TsSj",238669616
78,"#BikeTerritory | El hotel Bike Territory @MarinadOr
 abre sus puertas a los aficionados a la bicicleta ğŸšµ

â¡ï¸ El Hotel Marina dâ€™Or 4* Playa llevarÃ¡ a cabo su reapertura con mÃºltiples servicios de calidad enfocados al ciclismo ğŸ¨

ğŸ‘‡ Toda la info ğŸ‘‡

https://t.co/mZSIO1TsSj",238669616
79,"Â¿EstÃ¡s buscando un lugar cÃ³modo y acogedor para alojarte en Lima, PerÃº? Si es asÃ­, te recomendamos el Hotel Cisne, uno de los mejores hostales en el distrito de Lince. El Hotel Cisne te ofrece una excelente calidad de servicio, habitaciones limpias y

https://t.co/4s3dX7U8Jh https://t.co/RhQ6dqmkrq",1496020819645972481
80,"@HotelBambito Innovamos para seguir creando nuevas experiencias. 
Hoy deseamos compartirte nuestra nueva identidad. Ahora somos Hotel Faranda Bambito ChiriquÃ­. Nueva identidad misma esencia, servicio de calidad y hermosos paisajes. 

ğŸ“±VÃ­a WhatsApp 6914-2902
ğŸ“Tel. 771-4265 https://t.co/hl5L5UqDVR",489906077
81,"Reconocimiento a la hoteleria colombiana, que demuestra su servicio y calidad con este Conrad Achievement Award al Hotel @EmbassySuites BogotÃ¡. Entre 265 Embassy Suites del mundo, el de #BogotÃ¡, fue calificado como el mejor de 2022. Felicitaciones a todo su personal ğŸ‘ğŸ‘ğŸ‘ https://t.co/V0O8pRjbm7",50360849
82,"RT @laserairlines: Â¡AsegÃºrate de estar a la altura de tu viaje a BogotÃ¡ ğŸ‡¨ğŸ‡´! 

Para el ingreso a este destino en calidad de turista, debes pâ€¦",900418237
83,"Comodidad, calidez, calidad, disfrute de verdadâ€¦ Lo que busques de un buen Hotel en nuestro Hotel lo hallarÃ¡s sin dudar.

Reserva directamente en â¡ï¸ https://t.co/nwdIwvqi30 https://t.co/H1Od9wyLAG",2658511038
84,"Comodidad, calidez, calidad, disfrute de verdadâ€¦ Lo que busques de un buen Hotel en nuestro Hotel lo hallarÃ¡s sin dudar.

Reserva directamente en â¡ï¸ https://t.co/NemtHRdCl7 https://t.co/C79C0YlVxr",1321211612
85,"Por su ubicaciÃ³n, economÃ­a y calidad, Hotel Mallorca es el hotel 3 estrellas en la Ciudad de MÃ©xico, a una cuadra de Insurgentes y Reforma, que los huÃ©spedes ejecutivos y familias prefieren. 
Reserva ahora con la mejor tarifa https://t.co/55tJzdVb6W 
#CDMX #Viajeros https://t.co/yeBtBJgxDu",736237232697135105
86,Nuevas transformaciones se realizan en el Hotel Sevilla de Ciego de Ãvila para garantizar el servicio al pueblo con calidad https://t.co/TMlUlySnQc,1648770103368994854
87,"Â¡AsegÃºrate de estar a la altura de tu viaje a BogotÃ¡ ğŸ‡¨ğŸ‡´! 

Para el ingreso a este destino en calidad de turista, debes presentar en fÃ­sico:

ğŸ’šCarta de invitaciÃ³n o reserva de hotel.
ğŸ’›Solvencia econÃ³mica de 40 dÃ³lares americanos diarios o su equivalente en pesos colombianos.",75460291
88,"@TyoBust Venga no nos flipemos tampoco un hotel sale mucho mÃ¡s caro que un apartamento de airnbnb, un hotel no baja de 80 la noche muchas veces y un apartamento unos 20 a 50 la noche depende de la calidad del apartamento",874382066
89,"Cantidad: suficiente para todos 
Calidad: Asegurada
Precio: Inigualable
Servicio: Excelente
Hotel: Trivago https://t.co/KmJHuHxpYW",1107828595605626880
90,"En #Expoindustria2023 llevamos la innovaciÃ³n a la prÃ¡ctica. SÃ© parte de la feria industrial mÃ¡s importante del paÃ­s ğŸ¦¾ğŸ‘

ğŸ“…13 y 14 de junio
ğŸ“ Hotel Hilton Colon Guayaquil
ğŸ”— https://t.co/KRqMALuQdK

Organiza: @industriasgye
@expoindustriaec https://t.co/D89NHhuNjL",35869103
91,RT @SaraAdvocacy: @guaynabocitymom La isla hotel ğŸ¤¦ğŸ»â€â™€ï¸ Y las necesidades y la calidad de vida se fueron de vacaciones.,161151263
92,@OncoLucus Genial #PepeVieira y gran idea las cabaÃ±as hotel integradas en el paisaje. Experiencias de calidad. Mis socios de @SaborRuralGal estÃ¡n en algo similar para el turismo que busca un destino lleno de placer ocio cultura,3407154945
93,RT @SaraAdvocacy: @guaynabocitymom La isla hotel ğŸ¤¦ğŸ»â€â™€ï¸ Y las necesidades y la calidad de vida se fueron de vacaciones.,23422289
94,RT @MinturCuba: Enjoy Travel Group-Enjoy Cuba y Cubana de AviaciÃ³n inician  la ruta Barcelona-La Habana el 29 de junio con un vuelo chÃ¡rterâ€¦,1579860078915686401
95,@guaynabocitymom La isla hotel ğŸ¤¦ğŸ»â€â™€ï¸ Y las necesidades y la calidad de vida se fueron de vacaciones.,1212583569878478848
96,"RT @resuinsa: Â¡La #toalla ideal para el #verano ya estÃ¡ aquÃ­! En un nuevo concepto hÃ­brido entre toalla de piscina y pareo, Resuinsa ha creâ€¦",2882491847
97,Â¿Conoces la GalerÃ­a Termal? ğŸ¤” Se encuentra en la planta -2 del Hotel Termas y en ella se aplican los tratamientos balneoterÃ¡picos realizados con agua minero-medicinal certificados con el sello de Calidad del Instituto de Calidad TurÃ­stica EspaÃ±ola. ğŸ… https://t.co/NTLdWHouv1,142254190
98,"@econocomPS integra en el hoteI @ILUNION  ATRIUM las pantallas profesionales mÃ¡s punteras junto a @LG 
La integraciÃ³n de la serie LG All-in-one, con 136 pulgadas, conectividad plena y la mejor calidad de imagen, permitirÃ¡ al hotel estar a la vanguardia de la digitalizaciÃ³n. https://t.co/Lon3NK8X70",236787698
99,"El Consejero de @ICEXCorea, DarÃ­o JosÃ© SÃ¡ez MÃ©ndez, descubre la calidad de los productos regionales en el stand de #ICECYL en la Feria Seoul Food &amp; Hotel Show 2023. Agradecemos su visita y su interÃ©s por mostrarnos las grandes oportunidades del mercado coreano. https://t.co/BmB9HrtOcZ",847383672369971200
100,"Â¡La #toalla ideal para el #verano ya estÃ¡ aquÃ­! En un nuevo concepto hÃ­brido entre toalla de piscina y pareo, Resuinsa ha creado un artÃ­culo Ãºnico, liviano y de calidad, para que los huÃ©spedes de un #hotel puedan disfrutar aÃºn mÃ¡s de sus #vacaciones. 

https://t.co/y1jRc0NJ09",829842403
101,RT @egallegoCEHE: HARD ROCK HOTEL MADRID ELIGE LA HAMBURGUESA MÃS CREATIVA Y SABROSA DE MADRID @hrhmadrid â¦@HosteleriaMadâ© â¦@MeatAttractionâ€¦,304298493
102,"@pikillo_green @YenniVallejosM Hola, el mejor de Chile segÃºn la medalla Catador 2022 es Pisco Bramador, ubicado a 3 minutos de CopiapÃ³ hacia la costa (al lado del hotel Bramador, hacen tours muy buenos).
El pisco AtakameÃ±o es muy bueno igual, son pisco de muy alta calidad.",1340915731
103,"Â¡Felicidades al hotel JW Marriott Monterrey Valle y a todo su equipo por haber recibido el premio de 4 Diamantes de la AAA! ğŸ‘

Este establecimiento representa los estÃ¡ndares mÃ¡s altos de calidad, lujo y servicio que se necesitan para una clasificaciÃ³n tan destacada.

@AimHosp https://t.co/b8SHwUFv4K",1128686723343572994
